profile,packs_per_month,month,metric,mean,p10,p90
Casual,19.1,1,effects,0.6031693989071039,0.5573770491803278,0.6557377049180327
Casual,19.1,1,artworks,0.18289529914529915,0.16987179487179488,0.1955128205128205
Casual,19.1,2,effects,0.7581967213114754,0.7049180327868853,0.8032786885245902
Casual,19.1,2,artworks,0.2549465811965812,0.2403846153846154,0.2695512820512821
Casual,19.1,3,effects,0.8330601092896175,0.7868852459016393,0.8852459016393442
Casual,19.1,3,artworks,0.29412393162393163,0.27564102564102566,0.3108974358974359
Casual,19.1,4,effects,0.8754098360655738,0.8360655737704918,0.9180327868852459
Casual,19.1,4,artworks,0.3224679487179487,0.30448717948717946,0.34294871794871795
Casual,19.1,5,effects,0.901912568306011,0.8672131147540983,0.9508196721311475
Casual,19.1,5,artworks,0.3457692307692308,0.32371794871794873,0.36538461538461536
Casual,19.1,6,effects,0.9213661202185792,0.8852459016393442,0.9672131147540983
Casual,19.1,6,artworks,0.3657051282051282,0.34615384615384615,0.38461538461538464
Regular,38.6,1,effects,0.7581967213114754,0.7049180327868853,0.8032786885245902
Regular,38.6,1,artworks,0.2549465811965812,0.2403846153846154,0.2695512820512821
Regular,38.6,2,effects,0.8773224043715847,0.8360655737704918,0.9180327868852459
Regular,38.6,2,artworks,0.32377136752136754,0.30448717948717946,0.34294871794871795
Regular,38.6,3,effects,0.9223497267759563,0.8852459016393442,0.9672131147540983
Regular,38.6,3,artworks,0.3666346153846154,0.34615384615384615,0.38782051282051283
Regular,38.6,4,effects,0.9476502732240437,0.9180327868852459,0.9836065573770492
Regular,38.6,4,artworks,0.4010363247863248,0.3814102564102564,0.4198717948717949
Regular,38.6,5,effects,0.9623497267759563,0.9344262295081968,0.9836065573770492
Regular,38.6,5,artworks,0.42786324786324786,0.40705128205128205,0.44871794871794873
Regular,38.6,6,effects,0.9714754098360655,0.9508196721311475,1.0
Regular,38.6,6,artworks,0.44958333333333333,0.42948717948717946,0.47115384615384615
Engaged,69.6,1,effects,0.8607650273224043,0.819672131147541,0.9016393442622951
Engaged,69.6,1,artworks,0.31238247863247864,0.2948717948717949,0.3301282051282051
Engaged,69.6,2,effects,0.9387978142076503,0.9016393442622951,0.9672131147540983
Engaged,69.6,2,artworks,0.3883440170940171,0.3685897435897436,0.40705128205128205
Engaged,69.6,3,effects,0.9672677595628415,0.9344262295081968,0.9836065573770492
Engaged,69.6,3,artworks,0.437008547008547,0.4198717948717949,0.4583333333333333
Engaged,69.6,4,effects,0.9808196721311475,0.9672131147540983,1.0
Engaged,69.6,4,artworks,0.47071581196581197,0.4519230769230769,0.4935897435897436
Engaged,69.6,5,effects,0.9886338797814207,0.9672131147540983,1.0
Engaged,69.6,5,artworks,0.49561965811965814,0.4775641025641026,0.5160256410256411
Engaged,69.6,6,effects,0.9930054644808743,0.9836065573770492,1.0
Engaged,69.6,6,artworks,0.5158226495726496,0.496474358974359,0.5352564102564102
Hardcore,88.7,1,effects,0.8933333333333333,0.8524590163934426,0.9344262295081968
Hardcore,88.7,1,artworks,0.33776709401709404,0.32051282051282054,0.3557692307692308
Hardcore,88.7,2,effects,0.9578688524590163,0.9344262295081968,0.9836065573770492
Hardcore,88.7,2,artworks,0.4174038461538461,0.3974358974358974,0.4391025641025641
Hardcore,88.7,3,effects,0.978743169398907,0.9508196721311475,1.0
Hardcore,88.7,3,artworks,0.46563034188034186,0.44551282051282054,0.48717948717948717
Hardcore,88.7,4,effects,0.9891803278688525,0.9672131147540983,1.0
Hardcore,88.7,4,artworks,0.49805555555555553,0.4775641025641026,0.516346153846154
Hardcore,88.7,5,effects,0.9942622950819672,0.9836065573770492,1.0
Hardcore,88.7,5,artworks,0.5224252136752137,0.5028846153846154,0.5416666666666666
Hardcore,88.7,6,effects,0.9972677595628415,0.9836065573770492,1.0
Hardcore,88.7,6,artworks,0.5426923076923077,0.5192307692307693,0.5608974358974359
